<?xml version="1.0" encoding="UTF-8"?>
<project-private xmlns="http://www.netbeans.org/ns/project-private/1">
    <editor-bookmarks xmlns="http://www.netbeans.org/ns/editor-bookmarks/2" lastBookmarkId="0"/>
    <open-files xmlns="http://www.netbeans.org/ns/projectui-open-files/2">
        <group>
            <file>file:/D:/SWP391_Group5-main/SWP391_Group5-main/SWP391_webgiaicuunongsan/web/Contact.jsp</file>
            <file>file:/D:/SWP391_Group5-main/SWP391_Group5-main/SWP391_webgiaicuunongsan/src/java/controller/SubmitContactServlet.java</file>
            <file>file:/D:/SWP391_Group5-main/SWP391_Group5-main/SWP391_webgiaicuunongsan/src/java/controller/ContactServlet.java</file>
            <file>file:/D:/SWP391_Group5-main/SWP391_Group5-main/SWP391_webgiaicuunongsan/web/index.jsp</file>
            <file>file:/D:/SWP391_Group5-main/SWP391_Group5-main/SWP391_webgiaicuunongsan/src/java/controller/FAQServlet.java</file>
        </group>
    </open-files>
</project-private>
